Coin,Indicator,Current_15m,Current_1H,Current_1D,Prev_15m,Prev_1H,Prev_1D
BURGER,MAIndicator,0.23343487478195263,0.23343487478195263,0.23343487478195263,0,0,0
BTC,MAIndicator,0.9595385565711458,0.9595385565711458,0.9595385565711458,0,0,0
LTC,MAIndicator,0.954404253928015,0.954404253928015,0.954404253928015,0,0,0
as,MAIndicator,0.0,0.0,0.0,0,0,0
